Complex,cc-pVTZ,cc-pVQZ,3-4 Extrapolated Correlation,50% CP applied to 3-4 Extrapolated Correlation
23,-2.08835456,-2.463851428,-2.737862655,-2.277238391
24,-5.877419002,-3.878035707,-2.419026276,-1.640453382
25,-27.773177276,-28.138957292,-28.405877844,-27.899247295
26,-27.183759501,-27.616460277,-27.932214898,-27.431778293
27,-4.393412403,-4.308118305,-4.245876666,-3.832589934
28,-3.256217061,-3.303868275,-3.338640782,-2.952324379
29,-3.578199858,-48.380097608,-81.073374344,-38.235059785
30,-3.527527094,-49.83212052,-83.621958966,-39.059022802
