Number of atoms,Eigenvalue of Q(w)
2,0.6278290727
24,3.168874749
58,3.683619664
72,4.160782749
74,3.664123387
92,6.461170817
98,4.083107208
100,5.358098837
121,3.87803318
140,5.414611225
144,4.020238346
177,10.99540195
205,4.104934265
300,6.373368756